cod_customer,creation_date,country,number_phone
1001,2017-12-31,Tacna,9806804609
1002,2017-12-31,Loreto,9881870202
1003,2017-12-31,Lima,9050035801
1004,2017-12-31,Lima,9686100440
1005,2017-12-31,Lima,9446414609
1006,2017-12-31,Tumbes,9601858838
1007,2017-12-31,Lima,9530107269
1008,2017-12-31,Loreto,9321056845
1009,2018-08-27,Lima,9086659553
1010,2017-12-31,Lima,9884546945
1011,2017-12-31,Lima,9700456440
1012,2018-03-11,Ayacucho,9848313407
1013,2017-12-31,Tacna,9271186939
1014,2017-12-31,Lima,9739537851
1015,2018-01-15,Lima,9303412231
1016,2017-12-31,Tumbes,9962713368
1017,2017-12-31,Tacna,9270991371
1018,2017-12-31,Lima,9020098644
1019,2017-12-31,Lima,9427624365
1020,2017-12-31,La Libertad,9045135519
1021,2017-12-31,Lima,9396988303
1022,2017-12-31,Arequipa,9189751520
1023,2017-12-31,Ancash,9961978840
1024,2017-12-31,Arequipa,9117848617
1025,2017-12-31,Lima,9127560498
1026,2017-12-31,Lima,9332407528
1027,2017-12-31,Lima,9071013933
1028,2017-12-31,Tacna,9457494962
1029,2017-12-31,Tumbes,9202327876
1030,2017-12-31,Tacna,9818583605
1031,2017-12-31,Arequipa,9503684277
1032,2017-12-31,Lima,9463767478
1033,2017-12-31,Huancavelica,9696216831
1034,2017-12-31,Lima,9562768960
1035,2017-12-31,Lima,9030695205
1036,2017-12-31,Lima,9534603646
1037,2017-12-31,Lima,9294662959
1038,2017-12-31,Ayacucho,9994957126
1039,2017-12-31,Tacna,9039023013
1040,2017-12-31,Lima,9562592887
1041,2017-12-31,Lima,9247408458
1042,2017-12-31,Lima,9190943288
1043,2017-12-31,Lima,9159129021
1044,2018-09-13,Lima,9339972638
1045,2018-01-03,Lima,9933805978
1046,2018-01-11,Tumbes,9425643218
1047,2018-05-19,Madre de Dios,9445267839
1048,2018-02-19,Arequipa,9397660340
1049,2017-12-31,Arequipa,9386537893
1050,2017-12-31,La Libertad,9902610637
1051,2017-12-31,Lima,9117028799
1052,2017-12-31,Arequipa,9208262753
1053,2018-03-11,Lima,9024030962
1054,2017-12-31,La Libertad,9829578275
1055,2017-12-31,Lima,9416362114
1056,2017-12-31,Lima,9457460600
1057,2017-12-31,Arequipa,9698336166
1058,2017-12-31,Lima,9616140761
1059,2017-12-31,Lima,9178128472
1060,2017-12-31,Lima,9264660487
1061,2017-12-31,Tumbes,9448077072
1062,2017-12-31,Arequipa,9900814291
1063,2017-12-31,Tumbes,9981481665
1064,2019-02-03,Lima,9470931836
1065,2017-12-31,Lima,9131371254
1066,2018-01-16,Arequipa,9070327735
1067,2017-12-31,Lima,9728987374
1068,2017-12-31,Lima,9347801576
1069,2017-12-31,Lima,9900906026
1070,2018-05-25,Madre de Dios,9089877514
1071,2017-12-31,Lima,9856807702
1072,2017-12-31,Lima,9909075329
1073,2017-12-31,La Libertad,9503649058
1074,2018-08-07,Madre de Dios,9712305882
1075,2017-12-31,Lima,9434315384
1076,2017-12-31,Tacna,9083094390
1077,2019-01-13,Loreto,9977758676
1078,2018-04-23,Lima,9551718162
1079,2017-12-31,Lima,9889249189
1080,2019-06-19,Ancash,9829654512
1081,2017-12-31,Ancash,9649310433
1082,2018-06-29,Tumbes,9354793856
1083,2017-12-31,Tumbes,9417304478
1084,2017-12-31,Lima,9953707360
1085,2019-06-06,Lima,9507847861
1086,2017-12-31,Arequipa,9985360666
1087,2017-12-31,Madre de Dios,9827305319
1088,2019-04-28,Lima,9252566101
1089,2017-12-31,Ayacucho,9336635588
1090,2017-12-31,Arequipa,9668814391
1091,2017-12-31,Tacna,9184600079
1092,2017-12-31,Lima,9393386544
1093,2018-02-18,Arequipa,9231639196
1094,2017-12-31,Arequipa,9355186202
1095,2017-12-31,Lima,9255166825
1096,2017-12-31,Lima,9745635374
1097,2018-02-01,Tumbes,9455396941
1098,2018-04-12,Arequipa,9022918919
1099,2017-12-31,Huancavelica,9342227270
1100,2017-12-31,Loreto,9563619380
1101,2017-12-31,Loreto,9422084469
1102,2017-12-31,Loreto,9996199236
1103,2017-12-31,Lima,9152555182
1104,2018-04-23,Tumbes,9168651009
1105,2017-12-31,Tumbes,9920839506
1106,2017-12-31,Loreto,9291354545
1107,2018-04-14,Ayacucho,9779051190
1108,2017-12-31,Lima,9440855576
1109,2018-01-04,Ayacucho,9728504474
1110,2017-12-31,Lima,9459230676
1111,2017-12-31,Lima,9612864576
1112,2017-12-31,Madre de Dios,9447247811
1113,2017-12-31,Lima,9597960495
1114,2017-12-31,Huancavelica,9719229182
1115,2018-08-02,Tumbes,9318107248
1116,2017-12-31,Lima,9569523499
1117,2017-12-31,Arequipa,9336658067
1118,2017-12-31,Lima,9735770981
1119,2017-12-31,Lima,9295529230
1120,2017-12-31,Ayacucho,9209193048
1121,2018-02-10,Lima,9086595209
1122,2019-01-06,Tacna,9831073808
1123,2017-12-31,Arequipa,9185545880
1124,2018-02-12,Lima,9390811684
1125,2017-12-31,Lima,9121597879
1126,2018-01-15,La Libertad,9645316635
1127,2017-12-31,Madre de Dios,9619469594
1128,2017-12-31,Huancavelica,9817276009
1129,2017-12-31,Lima,9616239832
1130,2017-12-31,Lima,9330957263
1131,2017-12-31,Huancavelica,9255621580
1132,2018-01-05,Ayacucho,9093724666
1133,2017-12-31,Arequipa,9946490750
1134,2017-12-31,Ancash,9564162350
1135,2017-12-31,Lima,9304069666
1136,2017-12-31,Lima,9843563964
1137,2018-01-27,Lima,9774694545
1138,2018-09-10,Lima,9627750323
1139,2017-12-31,Lima,9491389212
1140,2017-12-31,Tumbes,9488348005
1141,2017-12-31,Lima,9794973856
1142,2017-12-31,Lima,9199644524
1143,2017-12-31,Lima,9834135648
1144,2017-12-31,Lima,9893901911
1145,2017-12-31,Lima,9314149572
1146,2019-03-19,Lima,9202937486
1147,2017-12-31,La Libertad,9421093181
1148,2017-12-31,Arequipa,9227211748
1149,2017-12-31,Lima,9640540823
1150,2018-02-03,Lima,9260392298
1151,2017-12-31,Lima,9885937108
1152,2017-12-31,Lima,9594746141
1153,2017-12-31,Tumbes,9079055245
1154,2017-12-31,Loreto,9458352543
1155,2019-01-07,La Libertad,9550948881
1156,2017-12-31,La Libertad,9275287196
1157,2017-12-31,Tumbes,9607298898
1158,2017-12-31,La Libertad,9909551826
1159,2017-12-31,Tacna,9810546445
1160,2018-01-28,La Libertad,9288723206
1161,2017-12-31,Tacna,9160673658
1162,2018-10-24,Tumbes,9446969251
1163,2017-12-31,La Libertad,9556652067
1164,2017-12-31,Lima,9261491238
1165,2017-12-31,Lima,9202417815
1166,2017-12-31,Lima,9997832928
1167,2017-12-31,Lima,9167047905
1168,2017-12-31,Lima,9355144378
1169,2017-12-31,Lima,9743440816
1170,2017-12-31,Tumbes,9174441022
1171,2017-12-31,Huancavelica,9346470909
1172,2018-04-13,Loreto,9790578117
1173,2018-03-08,Madre de Dios,9993816507
1174,2017-12-31,Lima,9348861812
1175,2017-12-31,La Libertad,9967514457
1176,2017-12-31,Lima,9927921016
1177,2017-12-31,La Libertad,9736863722
1178,2017-12-31,Loreto,9575878942
1179,2017-12-31,Lima,9093885743
1180,2017-12-31,Madre de Dios,9769769376
1181,2017-12-31,Arequipa,9193641546
1182,2017-12-31,Lima,9227411703
1183,2017-12-31,Lima,9110618569
1184,2017-12-31,La Libertad,9402444215
1185,2017-12-31,Ancash,9981978041
1186,2017-12-31,Lima,9519122801
1187,2017-12-31,Ayacucho,9674903180
1188,2018-02-12,Lima,9848729592
1189,2017-12-31,Loreto,9221563738
1190,2017-12-31,Lima,9464560462
1191,2019-04-20,Tumbes,9674847990
1192,2017-12-31,Arequipa,9424069687
1193,2017-12-31,Huancavelica,9363630955
1194,2017-12-31,Lima,9163224628
1195,2017-12-31,Lima,9621558508
1196,2017-12-31,Lima,9876494364
1197,2017-12-31,Tumbes,9463444489
1198,2017-12-31,Lima,9970524575
1199,2018-01-19,Lima,9456591036
1200,2017-12-31,Tacna,9040158447
1201,2017-12-31,Tacna,9841212175
1202,2017-12-31,Lima,9125693020
1203,2017-12-31,Lima,9668048411
1204,2017-12-31,Lima,9334101682
1205,2018-04-11,La Libertad,9410663605
1206,2017-12-31,Lima,9070371980
1207,2017-12-31,Lima,9678891721
1208,2017-12-31,La Libertad,9446804425
1209,2018-05-20,Lima,9394757836
1210,2017-12-31,Lima,9504026840
1211,2017-12-31,Lima,9528689021
1212,2018-03-06,Tumbes,9240374362
1213,2017-12-31,Tumbes,9687279921
1214,2017-12-31,Lima,9660834232
1215,2017-12-31,Tacna,9789149484
1216,2017-12-31,Lima,9651236953
1217,2017-12-31,La Libertad,9391860704
1218,2017-12-31,Lima,9224152710
1219,2017-12-31,Loreto,9437385506
1220,2017-12-31,Lima,9528837485
1221,2019-07-12,Loreto,9678159863
1222,2017-12-31,La Libertad,9805490678
1223,2018-01-05,La Libertad,9612160660
1224,2017-12-31,Lima,9206585160
1225,2017-12-31,La Libertad,9651255163
1226,2018-01-21,Loreto,9406913074
1227,2017-12-31,La Libertad,9849677668
1228,2017-12-31,La Libertad,9475808236
1229,2018-01-12,Lima,9970566890
1230,2018-03-15,Lima,9862494447
1231,2019-06-10,Lima,9037548952
1232,2017-12-31,Arequipa,9997669192
1233,2017-12-31,Lima,9749685683
1234,2017-12-31,La Libertad,9055122411
1235,2019-07-07,Tumbes,9518138776
1236,2017-12-31,Huancavelica,9200540445
1237,2017-12-31,Arequipa,9638067924
1238,2017-12-31,Tumbes,9656189844
1239,2018-04-03,Arequipa,9767225331
1240,2017-12-31,Ayacucho,9969352314
1241,2017-12-31,Ancash,9652181282
1242,2017-12-31,Huancavelica,9029644592
1243,2017-12-31,Arequipa,9480055312
1244,2017-12-31,Arequipa,9883807988
1245,2019-03-05,Lima,9957105267
1246,2017-12-31,Arequipa,9524442332
1247,2017-12-31,Tacna,9438518342
1248,2017-12-31,La Libertad,9153652170
1249,2017-12-31,Tumbes,9203577696
1250,2017-12-31,Lima,9810466032
1251,2017-12-31,Lima,9630540461
1252,2017-12-31,Tacna,9740910821
1253,2017-12-31,La Libertad,9937442270
1254,2018-07-01,Tumbes,9038088924
1255,2017-12-31,Tumbes,9061403682
1256,2018-12-02,Tacna,9729366594
1257,2018-02-02,Tumbes,9289314460
1258,2017-12-31,Ayacucho,9748015335
1259,2017-12-31,Tumbes,9146112983
1260,2017-12-31,Tumbes,9895891935
1261,2017-12-31,La Libertad,9506007192
1262,2017-12-31,Lima,9056216595
1263,2017-12-31,Arequipa,9476233185
1264,2017-12-31,Huancavelica,9069546079
1265,2017-12-31,Lima,9412949287
1266,2017-12-31,Arequipa,9106841773
1267,2018-01-05,Lima,9579232743
1268,2017-12-31,Arequipa,9757679698
1269,2017-12-31,Lima,9943251242
1270,2017-12-31,Tacna,9077588740
1271,2019-04-25,Tumbes,9351330065
1272,2017-12-31,Lima,9190843615
1273,2017-12-31,Tumbes,9200893143
1274,2017-12-31,Lima,9468746829
1275,2018-05-25,Tacna,9935215447
1276,2017-12-31,Lima,9179051268
1277,2018-01-24,Loreto,9201149525
1278,2017-12-31,Lima,9214226498
1279,2017-12-31,Lima,9015266914
1280,2017-12-31,La Libertad,9347059239
1281,2017-12-31,Tacna,9875931569
1282,2017-12-31,La Libertad,9471119135
1283,2017-12-31,Lima,9491403652
1284,2017-12-31,Lima,9272402501
1285,2018-10-29,Tacna,9660508743
1286,2017-12-31,Arequipa,9497864716
1287,2019-04-22,Lima,9995753243
1288,2017-12-31,La Libertad,9461333796
1289,2017-12-31,Ayacucho,9032854036
1290,2018-07-28,Arequipa,9485696121
1291,2017-12-31,Lima,9910381408
1292,2017-12-31,Tumbes,9379518063
1293,2017-12-31,Lima,9380204378
1294,2017-12-31,La Libertad,9501269105
1295,2017-12-31,Madre de Dios,9207159090
1296,2017-12-31,La Libertad,9507686827
1297,2017-12-31,Lima,9363880363
1298,2017-12-31,Loreto,9404265715
1299,2017-12-31,Lima,9990290552
1300,2018-02-19,Tacna,9723732855
1301,2019-01-22,Ancash,9157164100
1302,2017-12-31,Tacna,9672098283
1303,2018-01-07,Arequipa,9423732777
1304,2018-02-23,Lima,9356817758
1305,2017-12-31,La Libertad,9935722618
1306,2017-12-31,Madre de Dios,9167467813
1307,2017-12-31,Lima,9044002717
1308,2017-12-31,Lima,9549314491
1309,2017-12-31,Lima,9798256247
1310,2018-01-11,Lima,9105244607
1311,2017-12-31,Lima,9329815479
1312,2018-07-31,Lima,9077393663
1313,2018-02-23,Lima,9346556582
1314,2017-12-31,Loreto,9474355281
1315,2017-12-31,Lima,9443306988
1316,2017-12-31,Tumbes,9282930458
1317,2017-12-31,La Libertad,9201754103
1318,2018-03-18,Lima,9991777323
1319,2017-12-31,Huancavelica,9110640301
1320,2017-12-31,Tumbes,9394565461
1321,2017-12-31,Lima,9233657982
1322,2017-12-31,Huancavelica,9616378614
1323,2017-12-31,Lima,9536723452
1324,2017-12-31,Lima,9525694228
1325,2017-12-31,Tacna,9196736179
1326,2017-12-31,La Libertad,9964858306
1327,2017-12-31,Lima,9496425827
1328,2017-12-31,Lima,9759286659
1329,2018-04-11,La Libertad,9353607051
1330,2018-08-24,Arequipa,9803986349
1331,2018-02-06,Huancavelica,9612826113
1332,2017-12-31,Lima,9444709965
1333,2017-12-31,Madre de Dios,9792812300
1334,2017-12-31,Lima,9264077726
1335,2019-04-21,Tumbes,9251154989
1336,2017-12-31,Arequipa,9586407536
1337,2017-12-31,Loreto,9512592858
1338,2017-12-31,Madre de Dios,9317525408
1339,2017-12-31,Madre de Dios,9975198643
1340,2017-12-31,Lima,9285287568
1341,2017-12-31,La Libertad,9739904201
1342,2018-02-26,Arequipa,9045955820
1343,2017-12-31,La Libertad,9028418805
1344,2017-12-31,Lima,9968042017
1345,2017-12-31,Lima,9270020524
1346,2019-01-10,Arequipa,9528361291
1347,2017-12-31,Lima,9699736024
1348,2017-12-31,Huancavelica,9312604211
1349,2017-12-31,Lima,9636450105
1350,2017-12-31,Lima,9319856320
1351,2017-12-31,Tumbes,9980725851
1352,2017-12-31,Lima,9891237004
1353,2017-12-31,Arequipa,9896691808
1354,2017-12-31,Madre de Dios,9580411310
1355,2017-12-31,Lima,9086992879
1356,2017-12-31,Arequipa,9980827257
1357,2017-12-31,Arequipa,9827162264
1358,2017-12-31,Lima,9753935566
1359,2018-09-10,Lima,9396704538
1360,2017-12-31,La Libertad,9756940157
1361,2018-05-28,Ayacucho,9877012182
1362,2017-12-31,Ancash,9674936296
1363,2017-12-31,Lima,9028671825
1364,2017-12-31,Loreto,9783847020
1365,2017-12-31,Tumbes,9139404938
1366,2018-01-07,Tacna,9117603602
1367,2018-01-17,Lima,9749739832
1368,2017-12-31,Lima,9261990025
1369,2017-12-31,Lima,9937747082
1370,2019-01-13,Huancavelica,9018728700
1371,2017-12-31,Ayacucho,9496233285
1372,2017-12-31,Lima,9173924009
1373,2018-01-06,Huancavelica,9296119219
1374,2018-01-20,Lima,9721648482
1375,2019-03-31,Lima,9858779976
1376,2017-12-31,Lima,9992843183
1377,2017-12-31,Lima,9903628566
1378,2017-12-31,La Libertad,9614611131
1379,2017-12-31,Loreto,9565158843
1380,2018-03-17,La Libertad,9683802247
1381,2017-12-31,Lima,9815952463
1382,2017-12-31,Lima,9033089560
1383,2017-12-31,Arequipa,9103112831
1384,2017-12-31,Arequipa,9041797982
1385,2017-12-31,Lima,9420392377
1386,2019-04-30,Ayacucho,9662126223
1387,2017-12-31,Tacna,9783114955
1388,2017-12-31,Arequipa,9769559817
1389,2017-12-31,Tacna,9976305542
1390,2017-12-31,Lima,9047629366
1391,2017-12-31,Lima,9951221962
1392,2017-12-31,Tumbes,9975959240
1393,2017-12-31,Arequipa,9968930169
1394,2017-12-31,La Libertad,9858878914
1395,2018-08-23,Lima,9355314169
1396,2019-04-01,Tumbes,9217358596
1397,2017-12-31,Lima,9459855034
1398,2017-12-31,La Libertad,9040453932
1399,2017-12-31,Loreto,9413997634
1400,2018-02-13,Lima,9343618475
1401,2017-12-31,La Libertad,9600384687
1402,2017-12-31,Arequipa,9413832738
1403,2017-12-31,Madre de Dios,9469134993
1404,2018-10-06,Lima,9171358286
1405,2018-02-02,Lima,9519799049
1406,2018-08-06,Lima,9202892191
1407,2018-09-07,Tumbes,9439429757
1408,2017-12-31,Madre de Dios,9851264811
1409,2018-01-17,Madre de Dios,9325874350
1410,2017-12-31,Tumbes,9094114956
1411,2017-12-31,Lima,9646607604
1412,2017-12-31,Tacna,9501115955
1413,2017-12-31,La Libertad,9045534882
1414,2018-06-07,Arequipa,9283821069
1415,2017-12-31,Arequipa,9334013611
1416,2017-12-31,Lima,9581451979
1417,2017-12-31,La Libertad,9109183642
1418,2017-12-31,Lima,9590039666
1419,2017-12-31,Lima,9369726947
1420,2017-12-31,Lima,9481643361
1421,2017-12-31,Ancash,9614905839
1422,2017-12-31,Lima,9689383359
1423,2018-05-01,Lima,9994875444
1424,2017-12-31,Lima,9096152514
1425,2017-12-31,La Libertad,9139324724
1426,2017-12-31,Lima,9205135044
1427,2018-05-15,Lima,9629739233
1428,2017-12-31,Huancavelica,9366565647
1429,2017-12-31,Lima,9105595448
1430,2017-12-31,Lima,9123421488
1431,2018-05-05,Lima,9025375468
1432,2017-12-31,Lima,9067132396
1433,2017-12-31,Tumbes,9054639163
1434,2018-04-08,Loreto,9550993519
1435,2017-12-31,Lima,9307616692
1436,2017-12-31,Madre de Dios,9322141682
1437,2017-12-31,Tacna,9496657958
1438,2017-12-31,Tumbes,9197252982
1439,2017-12-31,Tacna,9708044324
1440,2017-12-31,Huancavelica,9035005551
1441,2018-06-30,Arequipa,9765701397
1442,2017-12-31,Lima,9748938410
1443,2017-12-31,Madre de Dios,9048026291
1444,2017-12-31,Lima,9311020138
1445,2017-12-31,Lima,9900603145
1446,2018-08-11,Lima,9512489361
1447,2017-12-31,La Libertad,9041498988
1448,2017-12-31,Lima,9409428353
1449,2017-12-31,Tacna,9591532986
1450,2017-12-31,La Libertad,9698034901
1451,2017-12-31,Lima,9050940061
1452,2018-05-02,Ayacucho,9787150542
1453,2017-12-31,Madre de Dios,9973056057
1454,2017-12-31,Tacna,9491465058
1455,2017-12-31,Madre de Dios,9418270342
1456,2017-12-31,Lima,9529368098
1457,2017-12-31,Madre de Dios,9459423965
1458,2017-12-31,La Libertad,9501202567
1459,2017-12-31,La Libertad,9496746909
1460,2017-12-31,Lima,9106473013
1461,2017-12-31,Loreto,9433623275
1462,2017-12-31,Arequipa,9841758402
1463,2017-12-31,Lima,9260789715
1464,2018-06-27,La Libertad,9361405165
1465,2017-12-31,Lima,9755909189
1466,2018-05-08,Arequipa,9382363432
1467,2018-10-23,Arequipa,9044732714
1468,2017-12-31,Huancavelica,9454775408
1469,2017-12-31,Lima,9911305943
1470,2017-12-31,Lima,9728021416
1471,2017-12-31,Lima,9485905816
1472,2017-12-31,Arequipa,9461186560
1473,2017-12-31,Ancash,9742905242
1474,2017-12-31,Madre de Dios,9620344829
1475,2017-12-31,Loreto,9305576467
1476,2017-12-31,Huancavelica,9202106647
1477,2017-12-31,Lima,9392223547
1478,2017-12-31,Ancash,9368112139
1479,2017-12-31,Madre de Dios,9523777966
1480,2019-04-19,Lima,9531393179
1481,2017-12-31,La Libertad,9578392729
1482,2017-12-31,Arequipa,9446742340
1483,2017-12-31,Lima,9374513010
1484,2017-12-31,Lima,9949106024
1485,2017-12-31,Lima,9612667593
1486,2019-08-20,La Libertad,9671367597
1487,2018-02-21,Lima,9281934131
1488,2019-07-18,Ayacucho,9044656783
1489,2017-12-31,Lima,9430783532
1490,2017-12-31,Lima,9346061904
1491,2017-12-31,Loreto,9375789965
1492,2018-04-24,Lima,9139887060
1493,2017-12-31,Tacna,9574206471
1494,2017-12-31,Tumbes,9930295822
1495,2017-12-31,Lima,9889273218
1496,2017-12-31,Arequipa,9110096168
1497,2017-12-31,Lima,9701716073
1498,2017-12-31,Ancash,9264536426
1499,2017-12-31,Lima,9886456510
1500,2018-01-29,Lima,9771726944
1501,2018-12-22,Lima,9110629746
1502,2017-12-31,Huancavelica,9740085758
1503,2017-12-31,Arequipa,9166889625
1504,2018-01-29,Lima,9718955814
1505,2017-12-31,Ayacucho,9576077365
1506,2017-12-31,Tumbes,9835673503
1507,2017-12-31,La Libertad,9760453633
1508,2017-12-31,Lima,9926379662
1509,2017-12-31,Huancavelica,9578485281
1510,2017-12-31,La Libertad,9099516667
1511,2017-12-31,Tacna,9328718530
1512,2017-12-31,Ayacucho,9600539440
1513,2017-12-31,Tumbes,9552462936
1514,2019-05-18,Arequipa,9503818238
1515,2017-12-31,Loreto,9147780628
1516,2017-12-31,Arequipa,9323739237
1517,2017-12-31,Lima,9483646344
1518,2017-12-31,Lima,9374991752
1519,2017-12-31,Ancash,9348882236
1520,2017-12-31,Lima,9681884974
1521,2017-12-31,Ayacucho,9399271390
1522,2017-12-31,La Libertad,9341388494
1523,2017-12-31,Ancash,9791167814
1524,2018-07-27,Tumbes,9270711219
1525,2018-11-18,Madre de Dios,9430059830
1526,2017-12-31,Lima,9067570576
1527,2017-12-31,Tumbes,9090400939
1528,2017-12-31,Lima,9930205044
1529,2017-12-31,Lima,9836785408
1530,2018-01-10,Lima,9055762553
1531,2017-12-31,Lima,9982665410
1532,2019-01-12,Loreto,9125342186
1533,2017-12-31,Ancash,9932464388
1534,2017-12-31,Ancash,9397369671
1535,2017-12-31,Lima,9750571906
1536,2018-01-23,Lima,9088198529
1537,2017-12-31,Tumbes,9559979961
1538,2017-12-31,Lima,9285631248
1539,2017-12-31,Tumbes,9991653289
1540,2017-12-31,La Libertad,9995635606
1541,2017-12-31,Tumbes,9308863856
1542,2018-03-24,Lima,9277503066
1543,2018-01-30,Tumbes,9815222625
1544,2017-12-31,La Libertad,9958678225
1545,2017-12-31,Lima,9037979948
1546,2017-12-31,Tumbes,9479045076
1547,2017-12-31,Madre de Dios,9579620095
1548,2017-12-31,Ancash,9898305016
1549,2017-12-31,Lima,9306828138
1550,2018-05-11,Lima,9957131066
1551,2017-12-31,Tacna,9818377727
1552,2017-12-31,Tumbes,9389811733
1553,2018-01-16,Ancash,9422837866
1554,2017-12-31,Ancash,9728615391
1555,2019-01-29,Lima,9667647043
1556,2018-03-03,Lima,9341703920
1557,2017-12-31,Tumbes,9230673607
1558,2017-12-31,Lima,9603021711
1559,2017-12-31,Lima,9824875962
1560,2017-12-31,Lima,9191164757
1561,2018-04-14,Lima,9468650492
1562,2017-12-31,Tumbes,9641060142
1563,2017-12-31,Huancavelica,9251996207
1564,2019-11-14,Lima,9348011319
1565,2017-12-31,Tumbes,9052861081
1566,2017-12-31,Tumbes,9357771632
1567,2018-01-15,Lima,9944394396
1568,2018-02-26,Lima,9278640964
1569,2018-02-16,Tacna,9647996897
1570,2017-12-31,La Libertad,9633206372
1571,2017-12-31,Lima,9296352455
1572,2017-12-31,Arequipa,9753566187
1573,2017-12-31,La Libertad,9214579308
1574,2018-04-04,La Libertad,9955966641
1575,2018-09-10,Ayacucho,9404105913
1576,2018-02-27,La Libertad,9128939022
1577,2018-05-21,Ayacucho,9818155112
1578,2017-12-31,Lima,9179260794
1579,2018-05-09,Tumbes,9810179813
1580,2017-12-31,Lima,9622899628
1581,2017-12-31,Huancavelica,9483746539
1582,2017-12-31,Huancavelica,9213568072
1583,2019-03-29,Lima,9476624226
1584,2017-12-31,La Libertad,9035932008
1585,2017-12-31,Arequipa,9655860577
1586,2018-12-16,Lima,9672758730
1587,2017-12-31,Lima,9792801301
1588,2018-01-22,Tacna,9901852569
1589,2018-08-03,Arequipa,9318141505
1590,2018-06-13,Lima,9529049480
1591,2019-03-24,Arequipa,9349073105
1592,2018-05-24,Lima,9122880094
1593,2017-12-31,Lima,9708960327
1594,2018-05-06,Arequipa,9679847664
1595,2017-12-31,La Libertad,9422277960
1596,2018-01-12,La Libertad,9080426720
1597,2017-12-31,La Libertad,9105998168
1598,2017-12-31,Tumbes,9385202516
1599,2017-12-31,Lima,9340458130
1600,2017-12-31,Loreto,9672274544
1601,2017-12-31,Lima,9966933276
1602,2017-12-31,Lima,9092769707
1603,2019-02-07,Lima,9921093378
1604,2017-12-31,Lima,9593782498
1605,2017-12-31,Arequipa,9257569539
1606,2017-12-31,Lima,9032001053
1607,2017-12-31,Lima,9875155152
1608,2017-12-31,La Libertad,9955740762
1609,2017-12-31,Tumbes,9531610453
1610,2017-12-31,Tumbes,9349508013
1611,2017-12-31,La Libertad,9364652070
1612,2017-12-31,Lima,9392542381
1613,2017-12-31,Lima,9032678333
1614,2017-12-31,Lima,9433206800
1615,2017-12-31,Lima,9077348562
1616,2017-12-31,Lima,9350734742
1617,2017-12-31,Lima,9285004649
1618,2017-12-31,Lima,9171349566
1619,2019-05-07,Lima,9546594920
1620,2018-02-02,Arequipa,9294159069
1621,2018-03-20,Lima,9296113837
1622,2017-12-31,Ayacucho,9687109370
1623,2019-07-05,La Libertad,9837922074
1624,2017-12-31,Lima,9098521492
1625,2017-12-31,Ayacucho,9194398141
1626,2018-02-16,Madre de Dios,9125345197
1627,2017-12-31,Tacna,9952178786
1628,2017-12-31,Arequipa,9119878176
1629,2017-12-31,Lima,9103411267
1630,2017-12-31,Lima,9305259770
1631,2017-12-31,Lima,9124653507
1632,2017-12-31,Lima,9731121468
1633,2017-12-31,Lima,9568267286
1634,2017-12-31,Lima,9155854281
1635,2017-12-31,Lima,9015059771
1636,2018-06-05,Huancavelica,9601044531
1637,2019-05-16,Loreto,9390167666
1638,2017-12-31,Tumbes,9034259022
1639,2017-12-31,Madre de Dios,9917028599
1640,2017-12-31,Lima,9878702874
1641,2017-12-31,Lima,9678344595
1642,2017-12-31,Lima,9880529614
1643,2017-12-31,Lima,9054230025
1644,2018-04-17,Lima,9983057528
1645,2017-12-31,Lima,9454198017
1646,2017-12-31,Lima,9339428280
1647,2018-03-02,Lima,9027665508
1648,2017-12-31,Tacna,9728554155
1649,2018-01-29,Lima,9441628236
1650,2017-12-31,La Libertad,9614063603
1651,2017-12-31,Lima,9656748462
1652,2017-12-31,Lima,9072978552
1653,2017-12-31,Tumbes,9944561059
1654,2017-12-31,Lima,9102666381
1655,2018-04-04,Tumbes,9636847246
1656,2017-12-31,Lima,9845086896
1657,2017-12-31,Lima,9115911705
1658,2017-12-31,Lima,9909489526
1659,2017-12-31,La Libertad,9077169292
1660,2017-12-31,Lima,9759057364
1661,2018-02-08,Lima,9601824866
1662,2017-12-31,Lima,9119457875
1663,2018-09-11,Ancash,9084360125
1664,2018-01-21,Lima,9194726164
1665,2017-12-31,Lima,9396271914
1666,2017-12-31,Lima,9853732345
1667,2017-12-31,Tacna,9285931584
1668,2017-12-31,Lima,9999103714
1669,2017-12-31,Lima,9076077125
1670,2017-12-31,Lima,9072657932
1671,2019-02-17,Lima,9939581806
1672,2017-12-31,Lima,9632243159
1673,2017-12-31,Lima,9296519236
1674,2017-12-31,Ayacucho,9814146875
1675,2018-02-18,Tumbes,9766396093
1676,2017-12-31,Arequipa,9857596608
1677,2017-12-31,Ayacucho,9133812515
1678,2017-12-31,Ancash,9478198381
1679,2018-04-26,La Libertad,9697080293
1680,2017-12-31,Ancash,9154220492
1681,2017-12-31,Lima,9164100855
1682,2017-12-31,Lima,9277271625
1683,2017-12-31,Lima,9183827464
1684,2018-01-21,Lima,9921030917
1685,2017-12-31,Lima,9621013883
1686,2019-03-25,Lima,9124091906
1687,2017-12-31,Arequipa,9152820531
1688,2017-12-31,Lima,9086661490
1689,2017-12-31,Lima,9366272775
1690,2017-12-31,Tumbes,9213939600
1691,2018-01-30,Tumbes,9400712942
1692,2017-12-31,Ancash,9376193643
1693,2017-12-31,Arequipa,9279377721
1694,2017-12-31,Lima,9338351188
1695,2017-12-31,Lima,9584987107
1696,2017-12-31,Loreto,9413783877
1697,2017-12-31,Arequipa,9483513131
1698,2017-12-31,Tacna,9057196286
1699,2017-12-31,Arequipa,9230196457
1700,2018-01-23,Lima,9291818609
1701,2017-12-31,Ayacucho,9208806901
1702,2017-12-31,Lima,9526686253
1703,2017-12-31,Lima,9358690544
1704,2017-12-31,Lima,9203420953
1705,2017-12-31,Lima,9487209035
1706,2017-12-31,Huancavelica,9477584279
1707,2017-12-31,Lima,9613168011
1708,2018-01-05,Loreto,9070003288
1709,2017-12-31,Lima,9183577907
1710,2018-02-13,La Libertad,9631254416
1711,2017-12-31,Tumbes,9656810935
1712,2017-12-31,Tumbes,9516903873
1713,2017-12-31,Loreto,9702347275
1714,2017-12-31,Arequipa,9387655274
1715,2017-12-31,La Libertad,9536219093
1716,2017-12-31,Lima,9114117679
1717,2017-12-31,Lima,9659378627
1718,2017-12-31,Lima,9865903597
1719,2018-01-30,Lima,9937007652
1720,2018-08-18,Ayacucho,9752864890
1721,2018-09-10,Lima,9735165312
1722,2017-12-31,Lima,9739629266
1723,2017-12-31,Lima,9139409414
1724,2018-07-15,Ancash,9487007379
1725,2017-12-31,Ancash,9485853648
1726,2017-12-31,Lima,9796734385
1727,2017-12-31,La Libertad,9896840018
1728,2018-08-12,Lima,9839556578
1729,2018-01-16,Lima,9267980984
1730,2018-10-09,Arequipa,9640500947
1731,2017-12-31,Lima,9357453719
1732,2017-12-31,Arequipa,9506303180
1733,2018-01-31,Lima,9890336287
1734,2017-12-31,Huancavelica,9898934433
1735,2017-12-31,Madre de Dios,9297646706
1736,2017-12-31,Arequipa,9865789183
1737,2017-12-31,Ancash,9049111841
1738,2017-12-31,Loreto,9065915351
1739,2017-12-31,Tacna,9353847905
1740,2017-12-31,Lima,9405106656
1741,2017-12-31,Arequipa,9399951123
1742,2017-12-31,La Libertad,9900231406
1743,2017-12-31,Madre de Dios,9083024632
1744,2017-12-31,Lima,9887183616
1745,2017-12-31,La Libertad,9746413789
1746,2018-01-24,Loreto,9073721122
1747,2018-05-22,Lima,9335365822
1748,2017-12-31,Lima,9327982936
1749,2017-12-31,Lima,9489278962
1750,2017-12-31,La Libertad,9690313200
1751,2017-12-31,Lima,9991002947
1752,2017-12-31,La Libertad,9699274930
1753,2017-12-31,La Libertad,9062613119
1754,2017-12-31,Lima,9845773210
1755,2017-12-31,Lima,9262529879
1756,2017-12-31,Huancavelica,9957305815
1757,2017-12-31,Huancavelica,9418243733
1758,2017-12-31,Lima,9613681894
1759,2018-06-05,Lima,9606781945
1760,2017-12-31,Lima,9966657722
1761,2017-12-31,Arequipa,9659007406
1762,2018-03-17,Lima,9576758363
1763,2018-01-01,Madre de Dios,9688931966
1764,2017-12-31,La Libertad,9643999309
1765,2017-12-31,Ancash,9465046872
1766,2017-12-31,Lima,9818718524
1767,2017-12-31,Ayacucho,9645145457
1768,2018-02-05,Loreto,9078209637
1769,2018-03-19,Tumbes,9457032298
1770,2017-12-31,Arequipa,9183095944
1771,2017-12-31,Lima,9087564834
1772,2018-03-16,Tumbes,9932387144
1773,2017-12-31,Lima,9214068698
1774,2017-12-31,Lima,9755839526
1775,2018-04-04,Lima,9417796232
1776,2018-12-25,Tumbes,9120503824
1777,2017-12-31,Lima,9125479917
1778,2017-12-31,Tumbes,9891374789
1779,2017-12-31,Tacna,9502066888
1780,2017-12-31,Lima,9619520343
1781,2017-12-31,Lima,9489968266
1782,2017-12-31,La Libertad,9439706874
1783,2018-10-07,La Libertad,9104862500
1784,2017-12-31,Tumbes,9448022725
1785,2017-12-31,Ancash,9935531113
1786,2017-12-31,Tacna,9094421735
1787,2017-12-31,Huancavelica,9189299229
1788,2018-03-07,Loreto,9687824420
1789,2017-12-31,Lima,9102911293
1790,2017-12-31,Tumbes,9550161210
1791,2017-12-31,Lima,9593243986
1792,2017-12-31,Lima,9090838686
1793,2017-12-31,Lima,9382873084
1794,2018-08-23,Madre de Dios,9481323771
1795,2018-01-02,Madre de Dios,9641914347
1796,2017-12-31,Arequipa,9246442619
1797,2017-12-31,Huancavelica,9729952841
1798,2019-05-17,Loreto,9274175824
1799,2017-12-31,Loreto,9637383001
1800,2018-01-08,Loreto,9905762346
1801,2017-12-31,Lima,9328479215
1802,2017-12-31,Tumbes,9419742592
1803,2017-12-31,Tacna,9739168200
1804,2017-12-31,Tumbes,9362724621
1805,2017-12-31,Tumbes,9870176190
1806,2018-01-01,Tumbes,9539847424
1807,2017-12-31,Arequipa,9185114570
1808,2017-12-31,Lima,9418162082
1809,2018-08-03,Ayacucho,9266706586
1810,2018-03-19,Lima,9266996626
1811,2017-12-31,Ayacucho,9873535500
1812,2017-12-31,Lima,9772990171
1813,2017-12-31,Lima,9810322192
1814,2017-12-31,Lima,9942719221
1815,2017-12-31,Tacna,9942614316
1816,2017-12-31,Lima,9189214938
1817,2017-12-31,Tumbes,9149589935
1818,2017-12-31,Huancavelica,9841267196
1819,2017-12-31,Lima,9050863598
1820,2017-12-31,Madre de Dios,9269657664
1821,2017-12-31,Lima,9634133839
1822,2017-12-31,Lima,9480508941
1823,2017-12-31,Arequipa,9788967642
1824,2017-12-31,La Libertad,9927790953
1825,2017-12-31,Lima,9099376379
1826,2017-12-31,Lima,9273022740
1827,2017-12-31,La Libertad,9748348384
1828,2017-12-31,Lima,9777837688
1829,2017-12-31,Ancash,9057629224
1830,2017-12-31,Arequipa,9390775647
1831,2017-12-31,Loreto,9669932745
1832,2019-01-25,Tumbes,9373437650
1833,2017-12-31,Lima,9362206511
1834,2017-12-31,Lima,9044645655
1835,2017-12-31,La Libertad,9075153295
1836,2019-03-21,Lima,9784449558
1837,2018-07-04,Tacna,9642543808
1838,2017-12-31,Arequipa,9163956683
1839,2017-12-31,Tumbes,9633317612
1840,2017-12-31,Lima,9505255614
1841,2017-12-31,Lima,9833919400
1842,2018-03-30,Ayacucho,9961101116
1843,2018-04-08,Lima,9742365438
1844,2017-12-31,Tumbes,9586483463
1845,2018-01-19,Lima,9452515934
1846,2017-12-31,Lima,9930782857
1847,2017-12-31,La Libertad,9692522324
1848,2018-07-18,Lima,9325607487
1849,2017-12-31,Lima,9522954547
1850,2018-08-31,Lima,9159018060
1851,2018-03-14,Huancavelica,9415062061
1852,2017-12-31,Lima,9248249062
1853,2017-12-31,Lima,9312750526
1854,2017-12-31,Arequipa,9986651783
1855,2018-07-09,Tumbes,9974815799
1856,2017-12-31,Arequipa,9556983127
1857,2017-12-31,Lima,9161409592
1858,2017-12-31,Lima,9775254842
1859,2017-12-31,Ayacucho,9308574546
1860,2017-12-31,Ancash,9847434084
1861,2018-03-17,Tacna,9323801835
1862,2017-12-31,La Libertad,9125541657
1863,2017-12-31,Ayacucho,9546762376
1864,2017-12-31,Lima,9496849528
1865,2018-02-25,Lima,9703266857
1866,2017-12-31,Lima,9433320256
1867,2017-12-31,Lima,9193618081
1868,2017-12-31,Arequipa,9013864562
1869,2020-04-11,Loreto,9570640154
1870,2017-12-31,Ayacucho,9874653803
1871,2017-12-31,Madre de Dios,9919800385
1872,2017-12-31,La Libertad,9593825950
1873,2017-12-31,Huancavelica,9047217381
1874,2019-05-24,La Libertad,9735124642
1875,2017-12-31,Lima,9711954973
1876,2017-12-31,Arequipa,9152937049
1877,2018-12-14,Lima,9133068377
1878,2017-12-31,La Libertad,9196239655
1879,2018-03-20,Lima,9272106759
1880,2017-12-31,Tacna,9994022020
1881,2018-07-28,Tumbes,9815410057
1882,2017-12-31,Tumbes,9335184434
1883,2017-12-31,Lima,9908362642
1884,2017-12-31,Lima,9878885118
1885,2017-12-31,Arequipa,9229913200
1886,2017-12-31,Arequipa,9044922275
1887,2018-01-30,Tacna,9186708509
1888,2017-12-31,Tumbes,9048841571
1889,2017-12-31,Tumbes,9953993945
1890,2017-12-31,Lima,9796700485
1891,2017-12-31,La Libertad,9466683639
1892,2017-12-31,La Libertad,9063119286
1893,2017-12-31,Lima,9348399278
1894,2017-12-31,Arequipa,9950401019
1895,2017-12-31,Tumbes,9461657102
1896,2017-12-31,La Libertad,9435537948
1897,2017-12-31,Lima,9472263797
1898,2017-12-31,Lima,9400335507
1899,2018-02-19,La Libertad,9896314253
1900,2017-12-31,Lima,9667641413
1901,2017-12-31,Ancash,9327571083
1902,2017-12-31,Huancavelica,9045174692
1903,2017-12-31,Tumbes,9990167373
1904,2018-01-07,Lima,9185504902
1905,2017-12-31,Arequipa,9362693235
1906,2017-12-31,Lima,9119840554
1907,2017-12-31,Loreto,9669452645
1908,2017-12-31,La Libertad,9569493820
1909,2017-12-31,Lima,9026400384
1910,2017-12-31,Lima,9560272834
1911,2017-12-31,Tumbes,9597072238
1912,2018-02-19,Tacna,9016071635
1913,2017-12-31,Lima,9517216534
1914,2017-12-31,Lima,9671638461
1915,2017-12-31,Lima,9735331204
1916,2017-12-31,Lima,9852873121
1917,2017-12-31,La Libertad,9790976074
1918,2017-12-31,Lima,9232054005
1919,2018-03-14,Madre de Dios,9113885014
1920,2018-01-06,Huancavelica,9805876761
1921,2017-12-31,Lima,9709583386
1922,2017-12-31,Lima,9879353253
1923,2017-12-31,Arequipa,9257201482
1924,2017-12-31,Lima,9935740196
1925,2017-12-31,Lima,9338827381
1926,2017-12-31,Huancavelica,9747157761
1927,2018-02-15,Tumbes,9148301897
1928,2018-01-16,Tumbes,9685564142
1929,2017-12-31,Lima,9865774841
1930,2018-05-17,Lima,9975987245
1931,2017-12-31,Lima,9289222234
1932,2017-12-31,Huancavelica,9707988794
1933,2017-12-31,Tacna,9018772128
1934,2017-12-31,La Libertad,9512718725
1935,2017-12-31,Arequipa,9432074587
1936,2017-12-31,Arequipa,9041472416
1937,2017-12-31,Tumbes,9373682936
1938,2017-12-31,Lima,9506140438
1939,2017-12-31,Lima,9550740368
1940,2017-12-31,Huancavelica,9380966252
1941,2018-02-26,Tumbes,9203583110
1942,2017-12-31,Ayacucho,9483713191
1943,2018-01-23,Lima,9495595510
1944,2017-12-31,Tacna,9129983365
1945,2019-06-04,Tumbes,9822785697
1946,2018-02-02,Loreto,9642850269
1947,2017-12-31,La Libertad,9270975982
1948,2017-12-31,Lima,9530269098
1949,2017-12-31,La Libertad,9881522471
1950,2017-12-31,Lima,9196504263
1951,2017-12-31,Lima,9625184786
1952,2017-12-31,Arequipa,9547095724
1953,2018-01-04,Loreto,9902120212
1954,2017-12-31,Tumbes,9781120334
1955,2017-12-31,La Libertad,9704911116
1956,2017-12-31,La Libertad,9452170342
1957,2017-12-31,Ancash,9115857000
1958,2017-12-31,Arequipa,9246036564
1959,2019-01-25,Lima,9970690548
1960,2017-12-31,Tumbes,9885730608
1961,2017-12-31,Tumbes,9924196788
1962,2017-12-31,Ancash,9805369201
1963,2017-12-31,Lima,9684702127
1964,2017-12-31,Tacna,9906842237
1965,2017-12-31,Lima,9432244995
1966,2017-12-31,Lima,9996087720
1967,2017-12-31,Tumbes,9967579411
1968,2018-03-10,Lima,9127506591
1969,2018-04-22,Lima,9554601149
1970,2017-12-31,La Libertad,9694706269
1971,2017-12-31,Tumbes,9722356270
1972,2017-12-31,Lima,9190215451
1973,2017-12-31,Arequipa,9069636703
1974,2018-02-10,La Libertad,9522524130
1975,2017-12-31,Lima,9611567729
1976,2018-01-19,Arequipa,9790477857
1977,2018-05-13,Lima,9060879565
1978,2017-12-31,Lima,9872776844
1979,2018-06-14,Lima,9377119585
1980,2017-12-31,Lima,9445083010
1981,2017-12-31,La Libertad,9888511910
1982,2017-12-31,Arequipa,9623730737
1983,2018-01-08,Lima,9850357560
1984,2017-12-31,Lima,9394403950
1985,2017-12-31,Lima,9977898019
1986,2017-12-31,La Libertad,9713929195
1987,2017-12-31,Arequipa,9227488924
1988,2018-08-20,Arequipa,9779593755
1989,2017-12-31,Arequipa,9651499443
1990,2017-12-31,La Libertad,9923199740
1991,2017-12-31,Lima,9614589207
1992,2017-12-31,La Libertad,9860868934
1993,2018-02-11,Ayacucho,9676861674
1994,2018-07-25,Lima,9703524147
1995,2019-01-25,Lima,9374032054
1996,2017-12-31,Lima,9293999230
1997,2019-01-12,Lima,9728087254
1998,2018-05-21,Lima,9468200539
1999,2018-02-26,Madre de Dios,9717686706
