﻿{"name":"EAPSA","dataColors":["#F9D937","#F31821","#B41780","#165BA0","#138F34","#DAF7A6","#581845","#A66999","#3599B8","#DFBFBF","#4AC5BB","#5F6B6D","#FB8281","#F4D25A","#7F898A","#A4DDEE","#FDAB89","#B687AC","#28738A","#A78F8F","#168980","#293537","#BB4A4A","#B59525","#475052","#6A9FB0","#BD7150","#7B4F71","#1B4D5C","#706060","#0F5C55","#1C2325"],"background":"#FFFFFF","foreground":"#000000","tableAccent":"#165BA0","textClasses":{"label":{"fontFace":"Calibri","fontSize":12},"callout":{"color":"#2B509A","fontFace":"Calibri","fontSize":35},"title":{"fontFace":"Calibri","fontSize":16},"header":{"fontFace":"Calibri","fontSize":10}},"visualStyles":{"*":{"*":{"background":[{"transparency":0}],"border":[{"color":{"solid":{"color":"#EBE8E8"}},"show":true,"radius":10}],"visualTooltip":[{"titleFontColor":{"solid":{"color":"#FFFFFF"}},"valueFontColor":{"solid":{"color":"#FFFFFF"}}}],"outspacePane":[{"headerSize":10}]}},"page":{"*":{"background":[{"color":{"solid":{"color":"#D9D4D4"}},"transparency":100}],"outspace":[{"color":{"solid":{"color":"#D6EBEE"}}}]}}}}